Time, Frame, Distance, Depth, DisAvg, DisVar, DepthAvg, DepthVar, DisAvg0x, DisVar0x, DepthAvg0x, DepthVar0x

0.0221031, 1, 0, 0, 0, 0, 0, 0, 0, 0, 0, 0
0.0289925, 2, 0, 0, 0, 0, 0, 0, 0, 0, 0, 0
0.0336717, 3, 0, 0, 0, 0, 0, 0, 0, 0, 0, 0
0.0546544, 4, 0, 0, 0, 0, 0, 0, 0, 0, 0, 0
0.0596359, 5, 0, 0, 0, 0, 0, 0, 0, 0, 0, 0
0.0631642, 6, 0, 0, 0, 0, 0, 0, 0, 0, 0, 0
0.06669649, 7, 0, 0, 0, 0, 0, 0, 0, 0, 0, 0
0.0706773, 8, 0, 0, 0, 0, 0, 0, 0, 0, 0, 0
0.0742166, 9, 0, 0, 0, 0, 0, 0, 0, 0, 0, 0
0.07812849, 10, 0, 0, 0, 0, 0, 0, 0, 0, 0, 0
0.082459, 11, 0, 0, 0, 0, 0, 0, 0, 0, 0, 0
0.08836789, 12, 0, 0, 0, 0, 0, 0, 0, 0, 0, 0
0.093707, 13, 0, 0, 0, 0, 0, 0, 0, 0, 0, 0
0.097647, 14, 0, 0, 0, 0, 0, 0, 0, 0, 0, 0
0.1021507, 15, 0, 0, 0, 0, 0, 0, 0, 0, 0, 0
0.1276925, 16, 0, 0, 0, 0, 0, 0, 0, 0, 0, 0
0.1344958, 17, 0, 0, 0, 0, 0, 0, 0, 0, 0, 0
0.1388071, 18, 0, 0, 0, 0, 0, 0, 0, 0, 0, 0
0.1438301, 19, 0, 0, 0, 0, 0, 0, 0, 0, 0, 0
0.1480017, 20, 0, 0, 0, 0, 0, 0, 0, 0, 0, 0
0.1518105, 21, 0, 0, 0, 0, 0, 0, 0, 0, 0, 0
0.1577104, 22, 0, 0, 0, 0, 0, 0, 0, 0, 0, 0
0.1623309, 23, 0, 0, 0, 0, 0, 0, 0, 0, 0, 0
0.1670401, 24, 0, 0, 0, 0, 0, 0, 0, 0, 0, 0
0.1706254, 25, 0, 0, 0, 0, 0, 0, 0, 0, 0, 0
0.17457, 26, 0, 0, 0, 0, 0, 0, 0, 0, 0, 0
0.1791293, 27, 0, 0, 0, 0, 0, 0, 0, 0, 0, 0
0.1840706, 28, 0, 0, 0, 0, 0, 0, 0, 0, 0, 0
0.1888581, 29, 0, 0, 0, 0, 0, 0, 0, 0, 0, 0
0.1939203, 30, 0, 0, 0, 0, 0, 0, 0, 0, 0, 0
0.1982982, 31, 0, 0, 0, 0, 0, 0, 0, 0, 0, 0
0.2022262, 32, 0, 0, 0, 0, 0, 0, 0, 0, 0, 0
0.2076668, 33, 0, 0, 0, 0, 0, 0, 0, 0, 0, 0
0.2118856, 34, 0, 0, 0, 0, 0, 0, 0, 0, 0, 0
0.2159792, 35, 0, 0, 0, 0, 0, 0, 0, 0, 0, 0
0.2368994, 36, 0, 0, 0, 0, 0, 0, 0, 0, 0, 0
0.2420684, 37, 0, 0, 0, 0, 0, 0, 0, 0, 0, 0
0.2471356, 38, 0, 0, 0, 0, 0, 0, 0, 0, 0, 0
0.2521175, 39, 0, 0, 0, 0, 0, 0, 0, 0, 0, 0
0.2575195, 40, 0, 0, 0, 0, 0, 0, 0, 0, 0, 0
0.2619509, 41, 0, 0, 0, 0, 0, 0, 0, 0, 0, 0
0.2655559, 42, 0, 0, 0, 0, 0, 0, 0, 0, 0, 0
0.269071, 43, 0, 0, 0, 0, 0, 0, 0, 0, 0, 0
0.2742252, 44, 0, 0, 0, 0, 0, 0, 0, 0, 0, 0
0.2785761, 45, 0, 0, 0, 0, 0, 0, 0, 0, 0, 0
0.2825999, 46, 0, 0, 0, 0, 0, 0, 0, 0, 0, 0
0.287178, 47, 0, 0, 0, 0, 0, 0, 0, 0, 0, 0
0.2921744, 48, 0, 0, 0, 0, 0, 0, 0, 0, 0, 0
0.2967235, 49, 0, 0, 0, 0, 0, 0, 0, 0, 0, 0
0.317807, 50, 0, 0, 0, 0, 0, 0, 0, 0, 0, 0
0.3229644, 51, 0, 0, 0, 0, 0, 0, 0, 0, 0, 0
0.3287639, 52, 0, 0, 0, 0, 0, 0, 0, 0, 0, 0
0.3332727, 53, 0, 0, 0, 0, 0, 0, 0, 0, 0, 0
0.3372663, 54, 0, 0, 0, 0, 0, 0, 0, 0, 0, 0
0.3410019, 55, 0, 0, 0, 0, 0, 0, 0, 0, 0, 0
0.345507, 56, 0, 0, 0, 0, 0, 0, 0, 0, 0, 0
0.3507673, 57, 0, 0, 0, 0, 0, 0, 0, 0, 0, 0
0.3549449, 58, 0, 0, 0, 0, 0, 0, 0, 0, 0, 0
0.3606296, 59, 0, 0, 0, 0, 0, 0, 0, 0, 0, 0
0.3647152, 60, 0, 0, 0, 0, 0, 0, 0, 0, 0, 0
0.3682435, 61, 0, 0, 0, 0, 0, 0, 0, 0, 0, 0
0.3728438, 62, 0, 0, 0, 0, 0, 0, 0, 0, 0, 0
0.3777341, 63, 0, 0, 0, 0, 0, 0, 0, 0, 0, 0
0.3820317, 64, 0, 0, 0, 0, 0, 0, 0, 0, 0, 0
0.3872354, 65, 0, 0, 0, 0, 0, 0, 0, 0, 0, 0
0.3916734, 66, 0, 0, 0, 0, 0, 0, 0, 0, 0, 0
0.3958508, 67, 0, 0, 0, 0, 0, 0, 0, 0, 0, 0
0.4006464, 68, 0, 0, 0, 0, 0, 0, 0, 0, 0, 0
0.405416, 69, 0, 0, 0, 0, 0, 0, 0, 0, 0, 0
0.4100913, 70, 0, 0, 0, 0, 0, 0, 0, 0, 0, 0
0.4149201, 71, 0, 0, 0, 0, 0, 0, 0, 0, 0, 0
0.4189559, 72, 0, 0, 0, 0, 0, 0, 0, 0, 0, 0
0.4234207, 73, 0, 0, 0, 0, 0, 0, 0, 0, 0, 0
0.4290766, 74, 0, 0, 0, 0, 0, 0, 0, 0, 0, 0
0.4330763, 75, 0, 0, 0, 0, 0, 0, 0, 0, 0, 0
0.4370764, 76, 0, 0, 0, 0, 0, 0, 0, 0, 0, 0
0.441653, 77, 0, 0, 0, 0, 0, 0, 0, 0, 0, 0
0.4457336, 78, 0, 0, 0, 0, 0, 0, 0, 0, 0, 0
0.4493951, 79, 0, 0, 0, 0, 0, 0, 0, 0, 0, 0
0.4541391, 80, 0, 0, 0, 0, 0, 0, 0, 0, 0, 0
0.4580467, 81, 0, 0, 0, 0, 0, 0, 0, 0, 0, 0
0.4616962, 82, 0, 0, 0, 0, 0, 0, 0, 0, 0, 0
0.4657901, 83, 0, 0, 0, 0, 0, 0, 0, 0, 0, 0
0.4707259, 84, 0, 0, 0, 0, 0, 0, 0, 0, 0, 0
0.4750198, 85, 0, 0, 0, 0, 0, 0, 0, 0, 0, 0
0.4806685, 86, 0, 0, 0, 0, 0, 0, 0, 0, 0, 0
0.4847423, 87, 0, 0, 0, 0, 0, 0, 0, 0, 0, 0
0.4890213, 88, 0, 0, 0, 0, 0, 0, 0, 0, 0, 0
0.4937408, 89, 0, 0, 0, 0, 0, 0, 0, 0, 0, 0
0.4976712, 90, 0, 0, 0, 0, 0, 0, 0, 0, 0, 0
0.5014902, 91, 0, 0, 0, 0, 0, 0, 0, 0, 0, 0
0.5070924, 92, 0, 0, 0, 0, 0, 0, 0, 0, 0, 0
0.5112534, 93, 0, 0, 0, 0, 0, 0, 0, 0, 0, 0
0.5150889, 94, 0, 0, 0, 0, 0, 0, 0, 0, 0, 0
0.5193422, 95, 0, 0, 0, 0, 0, 0, 0, 0, 0, 0
0.5231355, 96, 0, 0, 0, 0, 0, 0, 0, 0, 0, 0
0.5270733, 97, 0, 0, 0, 0, 0, 0, 0, 0, 0, 0
0.5318832, 98, 0, 0, 0, 0, 0, 0, 0, 0, 0, 0
0.5355005, 99, 0, 0, 0, 0, 0, 0, 0, 0, 0, 0
0.5390382, 100, 0, 0, 0, 0, 0, 0, 0, 0, 0, 0
0.5444317, 101, 0, 0, 0, 0, 0, 0, 0, 0, 0, 0
0.5484257, 102, 0, 0, 0, 0, 0, 0, 0, 0, 0, 0
0.5522223, 103, 0, 0, 0, 0, 0, 0, 0, 0, 0, 0
0.557924, 104, 0, 0, 0, 0, 0, 0, 0, 0, 0, 0
0.5624409, 105, 0, 0, 0, 0, 0, 0, 0, 0, 0, 0
0.5676304, 106, 0, 0, 0, 0, 0, 0, 0, 0, 0, 0
0.5718631, 107, 0, 0, 0, 0, 0, 0, 0, 0, 0, 0
0.5762051, 108, 0, 0, 0, 0, 0, 0, 0, 0, 0, 0
0.5993483, 109, 0, 0, 0, 0, 0, 0, 0, 0, 0, 0
0.6052368, 110, 0, 0, 0, 0, 0, 0, 0, 0, 0, 0
0.6091551, 111, 0, 0, 0, 0, 0, 0, 0, 0, 0, 0
0.6127922, 112, 0, 0, 0, 0, 0, 0, 0, 0, 0, 0
0.6176863, 113, 0, 0, 0, 0, 0, 0, 0, 0, 0, 0
0.6218148, 114, 0, 0, 0, 0, 0, 0, 0, 0, 0, 0
0.626308, 115, 0, 0, 0, 0, 0, 0, 0, 0, 0, 0
0.6313905, 116, 0, 0, 0, 0, 0, 0, 0, 0, 0, 0
0.6351491, 117, 0, 0, 0, 0, 0, 0, 0, 0, 0, 0
0.6392596, 118, 0, 0, 0, 0, 0, 0, 0, 0, 0, 0
0.6441728, 119, 0, 0, 0, 0, 0, 0, 0, 0, 0, 0
0.6484637, 120, 0, 0, 0, 0, 0, 0, 0, 0, 0, 0
0.6527913, 121, 0, 0, 0, 0, 0, 0, 0, 0, 0, 0
0.6583136, 122, 0, 0, 0, 0, 0, 0, 0, 0, 0, 0
0.6627665, 123, 0, 0, 0, 0, 0, 0, 0, 0, 0, 0
0.666939, 124, 0, 0, 0, 0, 0, 0, 0, 0, 0, 0
0.6722928, 125, 0, 0, 0, 0, 0, 0, 0, 0, 0, 0
0.6765496, 126, 0, 0, 0, 0, 0, 0, 0, 0, 0, 0
0.6812416, 127, 0, 0, 0, 0, 0, 0, 0, 0, 0, 0
0.6853066, 128, 0, 0, 0, 0, 0, 0, 0, 0, 0, 0
0.6900541, 129, 0, 0, 0, 0, 0, 0, 0, 0, 0, 0
0.6942762, 130, 0, 0, 0, 0, 0, 0, 0, 0, 0, 0
0.6987327, 131, 0, 0, 0, 0, 0, 0, 0, 0, 0, 0
0.7024689, 132, 0, 0, 0, 0, 0, 0, 0, 0, 0, 0
0.7075334, 133, 0, 0, 0, 0, 0, 0, 0, 0, 0, 0
0.7121434, 134, 0, 0, 0, 0, 0, 0, 0, 0, 0, 0
0.7161393, 135, 0, 0, 0, 0, 0, 0, 0, 0, 0, 0
0.7201638, 136, 0, 0, 0, 0, 0, 0, 0, 0, 0, 0
0.7247743, 137, 0, 0, 0, 0, 0, 0, 0, 0, 0, 0
0.7296373, 138, 0, 0, 0, 0, 0, 0, 0, 0, 0, 0
0.7349086, 139, 0, 0, 0, 0, 0, 0, 0, 0, 0, 0
0.7568424, 140, 0, 0, 0, 0, 0, 0, 0, 0, 0, 0
0.7620229, 141, 0, 0, 0, 0, 0, 0, 0, 0, 0, 0
0.7659954, 142, 0, 0, 0, 0, 0, 0, 0, 0, 0, 0
0.7705931, 143, 0, 0, 0, 0, 0, 0, 0, 0, 0, 0
0.7752465, 144, 0, 0, 0, 0, 0, 0, 0, 0, 0, 0
0.7800465, 145, 0, 0, 0, 0, 0, 0, 0, 0, 0, 0
0.7845007, 146, 0, 0, 0, 0, 0, 0, 0, 0, 0, 0
0.7892944, 147, 0, 0, 0, 0, 0, 0, 0, 0, 0, 0
0.7933663, 148, 0, 0, 0, 0, 0, 0, 0, 0, 0, 0
0.7977373, 149, 0, 0, 0, 0, 0, 0, 0, 0, 0, 0
0.8030636, 150, 0, 0, 0, 0, 0, 0, 0, 0, 0, 0
0.8083591, 151, 0, 0, 0, 0, 0, 0, 0, 0, 0, 0
0.8134271, 152, 0, 0, 0, 0, 0, 0, 0, 0, 0, 0
0.8174781, 153, 0, 0, 0, 0, 0, 0, 0, 0, 0, 0
0.8214437, 154, 0, 0, 0, 0, 0, 0, 0, 0, 0, 0
0.8264171, 155, 0, 0, 0, 0, 0, 0, 0, 0, 0, 0
0.8313965, 156, 0, 0, 0, 0, 0, 0, 0, 0, 0, 0
0.8353421, 157, 0, 0, 0, 0, 0, 0, 0, 0, 0, 0
0.8405036, 158, 0, 0, 0, 0, 0, 0, 0, 0, 0, 0
0.8448198, 159, 0, 0, 0, 0, 0, 0, 0, 0, 0, 0
0.8494172, 160, 0, 0, 0, 0, 0, 0, 0, 0, 0, 0
0.8547673, 161, 0, 0, 0, 0, 0, 0, 0, 0, 0, 0
0.8592641, 162, 0, 0, 0, 0, 0, 0, 0, 0, 0, 0
0.8634757, 163, 0, 0, 0, 0, 0, 0, 0, 0, 0, 0
0.868158, 164, 0, 0, 0, 0, 0, 0, 0, 0, 0, 0
0.8722689, 165, 0, 0, 0, 0, 0, 0, 0, 0, 0, 0
0.8762904, 166, 0, 0, 0, 0, 0, 0, 0, 0, 0, 0
0.8810968, 167, 0, 0, 0, 0, 0, 0, 0, 0, 0, 0
0.8856228, 168, 0, 0, 0, 0, 0, 0, 0, 0, 0, 0
0.8895626, 169, 0, 0, 0, 0, 0, 0, 0, 0, 0, 0
0.8940532, 170, 0, 0, 0, 0, 0, 0, 0, 0, 0, 0
0.898482, 171, 0, 0, 0, 0, 0, 0, 0, 0, 0, 0
0.9029336, 172, 0, 0, 0, 0, 0, 0, 0, 0, 0, 0
0.9086015, 173, 0, 0, 0, 0, 0, 0, 0, 0, 0, 0
0.9125968, 174, 0, 0, 0, 0, 0, 0, 0, 0, 0, 0
0.9166011, 175, 0, 0, 0, 0, 0, 0, 0, 0, 0, 0
0.9212747, 176, 0, 0, 0, 0, 0, 0, 0, 0, 0, 0
0.9253391, 177, 0, 0, 0, 0, 0, 0, 0, 0, 0, 0
0.9291853, 178, 0, 0, 0, 0, 0, 0, 0, 0, 0, 0
0.934834, 179, 0, 0, 0, 0, 0, 0, 0, 0, 0, 0
0.9388312, 180, 0, 0, 0, 0, 0, 0, 0, 0, 0, 0
0.9437231, 181, 0, 0, 0, 0, 0, 0, 0, 0, 0, 0
0.9485775, 182, 0, 0, 0, 0, 0, 0, 0, 0, 0, 0
0.9525985, 183, 0, 0, 0, 0, 0, 0, 0, 0, 0, 0
0.9574581, 184, 0, 0, 0, 0, 0, 0, 0, 0, 0, 0
0.9619492, 185, 0, 0, 0, 0, 0, 0, 0, 0, 0, 0
0.9665723, 186, 0, 0, 0, 0, 0, 0, 0, 0, 0, 0
0.9713649, 187, 0, 0, 0, 0, 0, 0, 0, 0, 0, 0
0.9759885, 188, 0, 0, 0, 0, 0, 0, 0, 0, 0, 0
0.9800095, 189, 0, 0, 0, 0, 0, 0, 0, 0, 0, 0
0.9854883, 190, 0, 0, 0, 0, 0, 0, 0, 0, 0, 0
0.9902753, 191, 0, 0, 0, 0, 0, 0, 0, 0, 0, 0
0.9948878, 192, 0, 0, 0, 0, 0, 0, 0, 0, 0, 0
0.9990312, 193, 0, 0, 0, 0, 0, 0, 0, 0, 0, 0
1.003703, 194, 0, 0, 0, 0, 0, 0, 0, 0, 0, 0
1.008501, 195, 0, 0, 0, 0, 0, 0, 0, 0, 0, 0
1.013055, 196, 0, 0, 0, 0, 0, 0, 0, 0, 0, 0
1.017281, 197, 0, 0, 0, 0, 0, 0, 0, 0, 0, 0
1.021313, 198, 0, 0, 0, 0, 0, 0, 0, 0, 0, 0
1.026783, 199, 0, 0, 0, 0, 0, 0, 0, 0, 0, 0
1.031927, 200, 0, 0, 0, 0, 0, 0, 0, 0, 0, 0
1.036744, 201, 0, 0, 0, 0, 0, 0, 0, 0, 0, 0
1.040892, 202, 0, 0, 0, 0, 0, 0, 0, 0, 0, 0
1.046183, 203, 0, 0, 0, 0, 0, 0, 0, 0, 0, 0
1.050382, 204, 0, 0, 0, 0, 0, 0, 0, 0, 0, 0
1.054923, 205, 0, 0, 0, 0, 0, 0, 0, 0, 0, 0
1.076805, 206, 0, 0, 0, 0, 0, 0, 0, 0, 0, 0
1.081794, 207, 0, 0, 0, 0, 0, 0, 0, 0, 0, 0
1.085576, 208, 0, 0, 0, 0, 0, 0, 0, 0, 0, 0
1.08938, 209, 0, 0, 0, 0, 0, 0, 0, 0, 0, 0
1.093459, 210, 0, 0, 0, 0, 0, 0, 0, 0, 0, 0
1.097058, 211, 0, 0, 0, 0, 0, 0, 0, 0, 0, 0
1.101718, 212, 0, 0, 0, 0, 0, 0, 0, 0, 0, 0
1.106912, 213, 0, 0, 0, 0, 0, 0, 0, 0, 0, 0
1.111169, 214, 0, 0, 0, 0, 0, 0, 0, 0, 0, 0
1.114926, 215, 0, 0, 0, 0, 0, 0, 0, 0, 0, 0
1.118908, 216, 0, 0, 0, 0, 0, 0, 0, 0, 0, 0
1.12339, 217, 0, 0, 0, 0, 0, 0, 0, 0, 0, 0
1.127697, 218, 0, 0, 0, 0, 0, 0, 0, 0, 0, 0
1.132607, 219, 0, 0, 0, 0, 0, 0, 0, 0, 0, 0
1.136653, 220, 0, 0, 0, 0, 0, 0, 0, 0, 0, 0
1.141226, 221, 0, 0, 0, 0, 0, 0, 0, 0, 0, 0
1.16835, 222, 0, 0, 0, 0, 0, 0, 0, 0, 0, 0
1.174086, 223, 0, 0, 0, 0, 0, 0, 0, 0, 0, 0
1.179072, 224, 0, 0, 0, 0, 0, 0, 0, 0, 0, 0
1.183202, 225, 0, 0, 0, 0, 0, 0, 0, 0, 0, 0
1.187033, 226, 0, 0, 0, 0, 0, 0, 0, 0, 0, 0
1.191056, 227, 0, 0, 0, 0, 0, 0, 0, 0, 0, 0
1.19519, 228, 0, 0, 0, 0, 0, 0, 0, 0, 0, 0
1.198964, 229, 0, 0, 0, 0, 0, 0, 0, 0, 0, 0
1.204206, 230, 0, 0, 0, 0, 0, 0, 0, 0, 0, 0
1.20878, 231, 0, 0, 0, 0, 0, 0, 0, 0, 0, 0
1.213536, 232, 0, 0, 0, 0, 0, 0, 0, 0, 0, 0
1.217588, 233, 0, 0, 0, 0, 0, 0, 0, 0, 0, 0
1.22168, 234, 0, 0, 0, 0, 0, 0, 0, 0, 0, 0
1.225783, 235, 0, 0, 0, 0, 0, 0, 0, 0, 0, 0
1.230533, 236, 0, 0, 0, 0, 0, 0, 0, 0, 0, 0
1.235026, 237, 0, 0, 0, 0, 0, 0, 0, 0, 0, 0
1.238689, 238, 0, 0, 0, 0, 0, 0, 0, 0, 0, 0
1.242662, 239, 0, 0, 0, 0, 0, 0, 0, 0, 0, 0
1.248004, 240, 0, 0, 0, 0, 0, 0, 0, 0, 0, 0
1.2523, 241, 0, 0, 0, 0, 0, 0, 0, 0, 0, 0
1.25721, 242, 0, 0, 0, 0, 0, 0, 0, 0, 0, 0
1.261512, 243, 0, 0, 0, 0, 0, 0, 0, 0, 0, 0
1.265249, 244, 0, 0, 0, 0, 0, 0, 0, 0, 0, 0
1.269262, 245, 0, 0, 0, 0, 0, 0, 0, 0, 0, 0
1.273213, 246, 0, 0, 0, 0, 0, 0, 0, 0, 0, 0
1.277785, 247, 0, 0, 0, 0, 0, 0, 0, 0, 0, 0
1.28261, 248, 0, 0, 0, 0, 0, 0, 0, 0, 0, 0
1.287079, 249, 0, 0, 0, 0, 0, 0, 0, 0, 0, 0
1.291593, 250, 0, 0, 0, 0, 0, 0, 0, 0, 0, 0
1.295498, 251, 0, 0, 0, 0, 0, 0, 0, 0, 0, 0
1.299458, 252, 0, 0, 0, 0, 0, 0, 0, 0, 0, 0
1.303011, 253, 0, 0, 0, 0, 0, 0, 0, 0, 0, 0
1.30775, 254, 0, 0, 0, 0, 0, 0, 0, 0, 0, 0
1.311984, 255, 0, 0, 0, 0, 0, 0, 0, 0, 0, 0
1.316706, 256, 0, 0, 0, 0, 0, 0, 0, 0, 0, 0
1.32076, 257, 0, 0, 0, 0, 0, 0, 0, 0, 0, 0
1.325303, 258, 0, 0, 0, 0, 0, 0, 0, 0, 0, 0
1.329499, 259, 0, 0, 0, 0, 0, 0, 0, 0, 0, 0
1.334604, 260, 0, 0, 0, 0, 0, 0, 0, 0, 0, 0
1.338651, 261, 0, 0, 0, 0, 0, 0, 0, 0, 0, 0
1.342651, 262, 0, 0, 0, 0, 0, 0, 0, 0, 0, 0
1.346687, 263, 0, 0, 0, 0, 0, 0, 0, 0, 0, 0
1.351821, 264, 0, 0, 0, 0, 0, 0, 0, 0, 0, 0
1.355965, 265, 0, 0, 0, 0, 0, 0, 0, 0, 0, 0
1.360372, 266, 0, 0, 0, 0, 0, 0, 0, 0, 0, 0
1.365706, 267, 0, 0, 0, 0, 0, 0, 0, 0, 0, 0
1.370574, 268, 0, 0, 0, 0, 0, 0, 0, 0, 0, 0
1.374952, 269, 0, 0, 0, 0, 0, 0, 0, 0, 0, 0
1.378715, 270, 0, 0, 0, 0, 0, 0, 0, 0, 0, 0
1.382338, 271, 0, 0, 0, 0, 0, 0, 0, 0, 0, 0
1.387196, 272, 0, 0, 0, 0, 0, 0, 0, 0, 0, 0
1.390962, 273, 0, 0, 0, 0, 0, 0, 0, 0, 0, 0
1.394787, 274, 0, 0, 0, 0, 0, 0, 0, 0, 0, 0
1.399297, 275, 0, 0, 0, 0, 0, 0, 0, 0, 0, 0
1.404034, 276, 0, 0, 0, 0, 0, 0, 0, 0, 0, 0
1.408353, 277, 0, 0, 0, 0, 0, 0, 0, 0, 0, 0
1.413815, 278, 0, 0, 0, 0, 0, 0, 0, 0, 0, 0
1.417841, 279, 0, 0, 0, 0, 0, 0, 0, 0, 0, 0
1.422313, 280, 0, 0, 0, 0, 0, 0, 0, 0, 0, 0
1.426946, 281, 0, 0, 0, 0, 0, 0, 0, 0, 0, 0
1.430833, 282, 0, 0, 0, 0, 0, 0, 0, 0, 0, 0
1.43553, 283, 0, 0, 0, 0, 0, 0, 0, 0, 0, 0
1.457922, 284, 0, 0, 0, 0, 0, 0, 0, 0, 0, 0
1.463549, 285, 0, 0, 0, 0, 0, 0, 0, 0, 0, 0
1.468123, 286, 0, 0, 0, 0, 0, 0, 0, 0, 0, 0
1.473058, 287, 0, 0, 0, 0, 0, 0, 0, 0, 0, 0
1.477394, 288, 0, 0, 0, 0, 0, 0, 0, 0, 0, 0
1.482646, 289, 0, 0, 0, 0, 0, 0, 0, 0, 0, 0
1.487383, 290, 0, 0, 0, 0, 0, 0, 0, 0, 0, 0
1.491363, 291, 0, 0, 0, 0, 0, 0, 0, 0, 0, 0
1.494912, 292, 0, 0, 0, 0, 0, 0, 0, 0, 0, 0
1.498902, 293, 0, 0, 0, 0, 0, 0, 0, 0, 0, 0
1.502569, 294, 0, 0, 0, 0, 0, 0, 0, 0, 0, 0
1.506744, 295, 0, 0, 0, 0, 0, 0, 0, 0, 0, 0
1.512273, 296, 0, 0, 0, 0, 0, 0, 0, 0, 0, 0
1.516982, 297, 0, 0, 0, 0, 0, 0, 0, 0, 0, 0
1.521908, 298, 0, 0, 0, 0, 0, 0, 0, 0, 0, 0
1.525994, 299, 0, 0, 0, 0, 0, 0, 0, 0, 0, 0
1.530473, 300, 0, 0, 0, 0, 0, 0, 0, 0, 0, 0
1.535864, 301, 0, 0, 0, 0, 0, 0, 0, 0, 0, 0
1.539724, 302, 0, 0, 0, 0, 0, 0, 0, 0, 0, 0
1.54363, 303, 0, 0, 0, 0, 0, 0, 0, 0, 0, 0
1.548531, 304, 0, 0, 0, 0, 0, 0, 0, 0, 0, 0
1.552444, 305, 0, 0, 0, 0, 0, 0, 0, 0, 0, 0
1.556098, 306, 0, 0, 0, 0, 0, 0, 0, 0, 0, 0
1.561527, 307, 0, 0, 0, 0, 0, 0, 0, 0, 0, 0
1.565643, 308, 0, 0, 0, 0, 0, 0, 0, 0, 0, 0
1.569269, 309, 0, 0, 0, 0, 0, 0, 0, 0, 0, 0
1.573616, 310, 0, 0, 0, 0, 0, 0, 0, 0, 0, 0
1.577378, 311, 0, 0, 0, 0, 0, 0, 0, 0, 0, 0
1.582404, 312, 0, 0, 0, 0, 0, 0, 0, 0, 0, 0
1.587881, 313, 0, 0, 0, 0, 0, 0, 0, 0, 0, 0
1.591983, 314, 0, 0, 0, 0, 0, 0, 0, 0, 0, 0
1.59579, 315, 0, 0, 0, 0, 0, 0, 0, 0, 0, 0
1.600806, 316, 0, 0, 0, 0, 0, 0, 0, 0, 0, 0
1.605302, 317, 0, 0, 0, 0, 0, 0, 0, 0, 0, 0
1.609832, 318, 0, 0, 0, 0, 0, 0, 0, 0, 0, 0
1.615449, 319, 0, 0, 0, 0, 0, 0, 0, 0, 0, 0
1.619533, 320, 0, 0, 0, 0, 0, 0, 0, 0, 0, 0
1.623838, 321, 0, 0, 0, 0, 0, 0, 0, 0, 0, 0
1.628178, 322, 0, 0, 0, 0, 0, 0, 0, 0, 0, 0
1.63221, 323, 0, 0, 0, 0, 0, 0, 0, 0, 0, 0
1.637877, 324, 0, 0, 0, 0, 0, 0, 0, 0, 0, 0
1.642824, 325, 0, 0, 0, 0, 0, 0, 0, 0, 0, 0
1.646676, 326, 0, 0, 0, 0, 0, 0, 0, 0, 0, 0
1.651269, 327, 0, 0, 0, 0, 0, 0, 0, 0, 0, 0
1.65567, 328, 0, 0, 0, 0, 0, 0, 0, 0, 0, 0
1.659356, 329, 0, 0, 0, 0, 0, 0, 0, 0, 0, 0
1.664937, 330, 0, 0, 0, 0, 0, 0, 0, 0, 0, 0
1.675058, 331, 0, 0, 0, 0, 0, 0, 0, 0, 0, 0
1.683988, 332, 0, 0, 0, 0, 0, 0, 0, 0, 0, 0
1.689605, 333, 0, 0, 0, 0, 0, 0, 0, 0, 0, 0
1.718154, 334, 0, 0, 0, 0, 0, 0, 0, 0, 0, 0
1.724612, 335, 0, 0, 0, 0, 0, 0, 0, 0, 0, 0
1.729452, 336, 0, 0, 0, 0, 0, 0, 0, 0, 0, 0
1.734519, 337, 0, 0, 0, 0, 0, 0, 0, 0, 0, 0
1.738923, 338, 0, 0, 0, 0, 0, 0, 0, 0, 0, 0
1.743289, 339, 0, 0, 0, 0, 0, 0, 0, 0, 0, 0
1.748325, 340, 0, 0, 0, 0, 0, 0, 0, 0, 0, 0
1.752742, 341, 0, 0, 0, 0, 0, 0, 0, 0, 0, 0
1.75762, 342, 0, 0, 0, 0, 0, 0, 0, 0, 0, 0
1.785704, 343, 0, 0, 0, 0, 0, 0, 0, 0, 0, 0
1.79151, 344, 0, 0, 0, 0, 0, 0, 0, 0, 0, 0
1.795713, 345, 0, 0, 0, 0, 0, 0, 0, 0, 0, 0
1.801408, 346, 0, 0, 0, 0, 0, 0, 0, 0, 0, 0
1.805106, 347, 0, 0, 0, 0, 0, 0, 0, 0, 0, 0
1.808936, 348, 0, 0, 0, 0, 0, 0, 0, 0, 0, 0
1.812883, 349, 0, 0, 0, 0, 0, 0, 0, 0, 0, 0
1.816458, 350, 0, 0, 0, 0, 0, 0, 0, 0, 0, 0
1.819785, 351, 0, 0, 0, 0, 0, 0, 0, 0, 0, 0
1.823711, 352, 0, 0, 0, 0, 0, 0, 0, 0, 0, 0
1.82796, 353, 0, 0, 0, 0, 0, 0, 0, 0, 0, 0
1.832726, 354, 0, 0, 0, 0, 0, 0, 0, 0, 0, 0
1.837888, 355, 0, 0, 0, 0, 0, 0, 0, 0, 0, 0
1.841725, 356, 0, 0, 0, 0, 0, 0, 0, 0, 0, 0
1.845716, 357, 0, 0, 0, 0, 0, 0, 0, 0, 0, 0
1.850218, 358, 0, 0, 0, 0, 0, 0, 0, 0, 0, 0
1.855129, 359, 0, 0, 0, 0, 0, 0, 0, 0, 0, 0
1.858773, 360, 0, 0, 0, 0, 0, 0, 0, 0, 0, 0
1.86393, 361, 0, 0, 0, 0, 0, 0, 0, 0, 0, 0
1.868106, 362, 0, 0, 0, 0, 0, 0, 0, 0, 0, 0
1.872178, 363, 0, 0, 0, 0, 0, 0, 0, 0, 0, 0
1.87786, 364, 0, 0, 0, 0, 0, 0, 0, 0, 0, 0
1.88183, 365, 0, 0, 0, 0, 0, 0, 0, 0, 0, 0
1.885762, 366, 0, 0, 0, 0, 0, 0, 0, 0, 0, 0
1.891238, 367, 0, 0, 0, 0, 0, 0, 0, 0, 0, 0
1.895381, 368, 0, 0, 0, 0, 0, 0, 0, 0, 0, 0
1.899678, 369, 0, 0, 0, 0, 0, 0, 0, 0, 0, 0
1.904787, 370, 0, 0, 0, 0, 0, 0, 0, 0, 0, 0
1.908936, 371, 0, 0, 0, 0, 0, 0, 0, 0, 0, 0
1.912852, 372, 0, 0, 0, 0, 0, 0, 0, 0, 0, 0
1.916833, 373, 0, 0, 0, 0, 0, 0, 0, 0, 0, 0
1.922104, 374, 0, 0, 0, 0, 0, 0, 0, 0, 0, 0
1.926179, 375, 0, 0, 0, 0, 0, 0, 0, 0, 0, 0
1.931879, 376, 0, 0, 0, 0, 0, 0, 0, 0, 0, 0
1.935994, 377, 0, 0, 0, 0, 0, 0, 0, 0, 0, 0
1.939798, 378, 0, 0, 0, 0, 0, 0, 0, 0, 0, 0
1.943899, 379, 0, 0, 0, 0, 0, 0, 0, 0, 0, 0
1.948562, 380, 0, 0, 0, 0, 0, 0, 0, 0, 0, 0
1.952535, 381, 0, 0, 0, 0, 0, 0, 0, 0, 0, 0
1.958282, 382, 0, 0, 0, 0, 0, 0, 0, 0, 0, 0
1.962808, 383, 0, 0, 0, 0, 0, 0, 0, 0, 0, 0
1.967531, 384, 0, 0, 0, 0, 0, 0, 0, 0, 0, 0
1.972062, 385, 0, 0, 0, 0, 0, 0, 0, 0, 0, 0
1.976272, 386, 0, 0, 0, 0, 0, 0, 0, 0, 0, 0
1.981642, 387, 0, 0, 0, 0, 0, 0, 0, 0, 0, 0
1.985847, 388, 0, 0, 0, 0, 0, 0, 0, 0, 0, 0
1.990095, 389, 0, 0, 0, 0, 0, 0, 0, 0, 0, 0
1.995381, 390, 0, 0, 0, 0, 0, 0, 0, 0, 0, 0
1.999534, 391, 0, 0, 0, 0, 0, 0, 0, 0, 0, 0
2.003869, 392, 0, 0, 0, 0, 0, 0, 0, 0, 0, 0
2.009656, 393, 0, 0, 0, 0, 0, 0, 0, 0, 0, 0
2.014014, 394, 0, 0, 0, 0, 0, 0, 0, 0, 0, 0
2.018962, 395, 0, 0, 0, 0, 0, 0, 0, 0, 0, 0
2.023363, 396, 0, 0, 0, 0, 0, 0, 0, 0, 0, 0
2.027317, 397, 0, 0, 0, 0, 0, 0, 0, 0, 0, 0
2.032006, 398, 0, 0, 0, 0, 0, 0, 0, 0, 0, 0
2.035567, 399, 0, 0, 0, 0, 0, 0, 0, 0, 0, 0
2.03912, 400, 0, 0, 0, 0, 0, 0, 0, 0, 0, 0
2.043235, 401, 0, 0, 0, 0, 0, 0, 0, 0, 0, 0
2.046921, 402, 0, 0, 0, 0, 0, 0, 0, 0, 0, 0
2.050563, 403, 0, 0, 0, 0, 0, 0, 0, 0, 0, 0
2.054934, 404, 0, 0, 0, 0, 0, 0, 0, 0, 0, 0
2.059659, 405, 0, 0, 0, 0, 0, 0, 0, 0, 0, 0
2.064615, 406, 0, 0, 0, 0, 0, 0, 0, 0, 0, 0
2.06951, 407, 0, 0, 0, 0, 0, 0, 0, 0, 0, 0
2.073461, 408, 0, 0, 0, 0, 0, 0, 0, 0, 0, 0
2.077955, 409, 0, 0, 0, 0, 0, 0, 0, 0, 0, 0
2.083301, 410, 0, 0, 0, 0, 0, 0, 0, 0, 0, 0
2.088244, 411, 0, 0, 0, 0, 0, 0, 0, 0, 0, 0
2.093385, 412, 0, 0, 0, 0, 0, 0, 0, 0, 0, 0
2.097565, 413, 0, 0, 0, 0, 0, 0, 0, 0, 0, 0
2.101614, 414, 0, 0, 0, 0, 0, 0, 0, 0, 0, 0
2.106289, 415, 0, 0, 0, 0, 0, 0, 0, 0, 0, 0
2.11156, 416, 0, 0, 0, 0, 0, 0, 0, 0, 0, 0
2.115782, 417, 0, 0, 0, 0, 0, 0, 0, 0, 0, 0
2.138677, 418, 0, 0, 0, 0, 0, 0, 0, 0, 0, 0
2.144648, 419, 0, 0, 0, 0, 0, 0, 0, 0, 0, 0
2.149157, 420, 0, 0, 0, 0, 0, 0, 0, 0, 0, 0
2.154421, 421, 0, 0, 0, 0, 0, 0, 0, 0, 0, 0
2.15806, 422, 0, 0, 0, 0, 0, 0, 0, 0, 0, 0
2.162054, 423, 0, 0, 0, 0, 0, 0, 0, 0, 0, 0
2.167089, 424, 0, 0, 0, 0, 0, 0, 0, 0, 0, 0
2.171369, 425, 0, 0, 0, 0, 0, 0, 0, 0, 0, 0
2.175542, 426, 0, 0, 0, 0, 0, 0, 0, 0, 0, 0
2.180997, 427, 0, 0, 0, 0, 0, 0, 0, 0, 0, 0
2.184767, 428, 0, 0, 0, 0, 0, 0, 0, 0, 0, 0
2.188822, 429, 0, 0, 0, 0, 0, 0, 0, 0, 0, 0
2.193836, 430, 0, 0, 0, 0, 0, 0, 0, 0, 0, 0
2.197582, 431, 0, 0, 0, 0, 0, 0, 0, 0, 0, 0
2.202601, 432, 0, 0, 0, 0, 0, 0, 0, 0, 0, 0
2.208302, 433, 0, 0, 0, 0, 0, 0, 0, 0, 0, 0
2.212478, 434, 0, 0, 0, 0, 0, 0, 0, 0, 0, 0
2.217167, 435, 0, 0, 0, 0, 0, 0, 0, 0, 0, 0
2.221758, 436, 0, 0, 0, 0, 0, 0, 0, 0, 0, 0
2.225934, 437, 0, 0, 0, 0, 0, 0, 0, 0, 0, 0
2.230266, 438, 0, 0, 0, 0, 0, 0, 0, 0, 0, 0
2.235297, 439, 0, 0, 0, 0, 0, 0, 0, 0, 0, 0
2.239171, 440, 0, 0, 0, 0, 0, 0, 0, 0, 0, 0
2.242881, 441, 0, 0, 0, 0, 0, 0, 0, 0, 0, 0
2.247383, 442, 0, 0, 0, 0, 0, 0, 0, 0, 0, 0
2.252204, 443, 0, 0, 0, 0, 0, 0, 0, 0, 0, 0
2.257468, 444, 0, 0, 0, 0, 0, 0, 0, 0, 0, 0
2.262654, 445, 0, 0, 0, 0, 0, 0, 0, 0, 0, 0
2.266788, 446, 0, 0, 0, 0, 0, 0, 0, 0, 0, 0
2.271197, 447, 0, 0, 0, 0, 0, 0, 0, 0, 0, 0
2.275465, 448, 0, 0, 0, 0, 0, 0, 0, 0, 0, 0
2.279619, 449, 0, 0, 0, 0, 0, 0, 0, 0, 0, 0
2.284533, 450, 0, 0, 0, 0, 0, 0, 0, 0, 0, 0
2.288647, 451, 0, 0, 0, 0, 0, 0, 0, 0, 0, 0
2.292819, 452, 0, 0, 0, 0, 0, 0, 0, 0, 0, 0
2.296761, 453, 0, 0, 0, 0, 0, 0, 0, 0, 0, 0
2.301804, 454, 0, 0, 0, 0, 0, 0, 0, 0, 0, 0
2.306636, 455, 0, 0, 0, 0, 0, 0, 0, 0, 0, 0
2.312044, 456, 0, 0, 0, 0, 0, 0, 0, 0, 0, 0
2.316674, 457, 0, 0, 0, 0, 0, 0, 0, 0, 0, 0
2.320574, 458, 0, 0, 0, 0, 0, 0, 0, 0, 0, 0
2.325101, 459, 0, 0, 0, 0, 0, 0, 0, 0, 0, 0
2.346677, 460, 0, 0, 0, 0, 0, 0, 0, 0, 0, 0
2.351712, 461, 0, 0, 0, 0, 0, 0, 0, 0, 0, 0
2.356277, 462, 0, 0, 0, 0, 0, 0, 0, 0, 0, 0
2.360001, 463, 0, 0, 0, 0, 0, 0, 0, 0, 0, 0
2.364631, 464, 0, 0, 0, 0, 0, 0, 0, 0, 0, 0
2.369522, 465, 0, 0, 0, 0, 0, 0, 0, 0, 0, 0
2.374371, 466, 0, 0, 0, 0, 0, 0, 0, 0, 0, 0
2.378557, 467, 0, 0, 0, 0, 0, 0, 0, 0, 0, 0
2.382878, 468, 0, 0, 0, 0, 0, 0, 0, 0, 0, 0
2.386485, 469, 0, 0, 0, 0, 0, 0, 0, 0, 0, 0
2.391877, 470, 0, 0, 0, 0, 0, 0, 0, 0, 0, 0
2.396019, 471, 0, 0, 0, 0, 0, 0, 0, 0, 0, 0
2.400269, 472, 0, 0, 0, 0, 0, 0, 0, 0, 0, 0
2.426939, 473, 0, 0, 0, 0, 0, 0, 0, 0, 0, 0
2.434016, 474, 0, 0, 0, 0, 0, 0, 0, 0, 0, 0
2.438413, 475, 0, 0, 0, 0, 0, 0, 0, 0, 0, 0
2.443545, 476, 0, 0, 0, 0, 0, 0, 0, 0, 0, 0
2.447841, 477, 0, 0, 0, 0, 0, 0, 0, 0, 0, 0
2.453473, 478, 0, 0, 0, 0, 0, 0, 0, 0, 0, 0
2.45831, 479, 0, 0, 0, 0, 0, 0, 0, 0, 0, 0
2.462257, 480, 0, 0, 0, 0, 0, 0, 0, 0, 0, 0
2.46606, 481, 0, 0, 0, 0, 0, 0, 0, 0, 0, 0
2.47084, 482, 0, 0, 0, 0, 0, 0, 0, 0, 0, 0
2.47518, 483, 0, 0, 0, 0, 0, 0, 0, 0, 0, 0
2.480067, 484, 0, 0, 0, 0, 0, 0, 0, 0, 0, 0
2.484541, 485, 0, 0, 0, 0, 0, 0, 0, 0, 0, 0
2.488729, 486, 0, 0, 0, 0, 0, 0, 0, 0, 0, 0
2.492521, 487, 0, 0, 0, 0, 0, 0, 0, 0, 0, 0
2.496611, 488, 0, 0, 0, 0, 0, 0, 0, 0, 0, 0
2.500676, 489, 0, 0, 0, 0, 0, 0, 0, 0, 0, 0
2.506071, 490, 0, 0, 0, 0, 0, 0, 0, 0, 0, 0
2.510522, 491, 0, 0, 0, 0, 0, 0, 0, 0, 0, 0
2.514581, 492, 0, 0, 0, 0, 0, 0, 0, 0, 0, 0
2.518566, 493, 0, 0, 0, 0, 0, 0, 0, 0, 0, 0
2.523169, 494, 0, 0, 0, 0, 0, 0, 0, 0, 0, 0
2.528002, 495, 0, 0, 0, 0, 0, 0, 0, 0, 0, 0
2.532194, 496, 0, 0, 0, 0, 0, 0, 0, 0, 0, 0
2.536736, 497, 0, 0, 0, 0, 0, 0, 0, 0, 0, 0
2.540589, 498, 0, 0, 0, 0, 0, 0, 0, 0, 0, 0
2.544766, 499, 0, 0, 0, 0, 0, 0, 0, 0, 0, 0
2.572085, 500, 0, 0, 0, 0, 0, 0, 0, 0, 0, 0
2.578911, 501, 0, 0, 0, 0, 0, 0, 0, 0, 0, 0
2.583887, 502, 0, 0, 0, 0, 0, 0, 0, 0, 0, 0
2.605713, 503, 0, 0, 0, 0, 0, 0, 0, 0, 0, 0
2.611785, 504, 0, 0, 0, 0, 0, 0, 0, 0, 0, 0
2.615787, 505, 0, 0, 0, 0, 0, 0, 0, 0, 0, 0
2.637269, 506, 0, 0, 0, 0, 0, 0, 0, 0, 0, 0
2.642237, 507, 0, 0, 0, 0, 0, 0, 0, 0, 0, 0
2.646973, 508, 0, 0, 0, 0, 0, 0, 0, 0, 0, 0
2.651616, 509, 0, 0, 0, 0, 0, 0, 0, 0, 0, 0
2.656311, 510, 0, 0, 0, 0, 0, 0, 0, 0, 0, 0
2.660889, 511, 0, 0, 0, 0, 0, 0, 0, 0, 0, 0
2.66591, 512, 0, 0, 0, 0, 0, 0, 0, 0, 0, 0
2.687452, 513, 0, 0, 0, 0, 0, 0, 0, 0, 0, 0
2.69273, 514, 0, 0, 0, 0, 0, 0, 0, 0, 0, 0
2.696696, 515, 0, 0, 0, 0, 0, 0, 0, 0, 0, 0
2.700457, 516, 0, 0, 0, 0, 0, 0, 0, 0, 0, 0
2.721451, 517, 0, 0, 0, 0, 0, 0, 0, 0, 0, 0
2.726221, 518, 0, 0, 0, 0, 0, 0, 0, 0, 0, 0
2.729937, 519, 0, 0, 0, 0, 0, 0, 0, 0, 0, 0
2.734228, 520, 0, 0, 0, 0, 0, 0, 0, 0, 0, 0
2.738516, 521, 0, 0, 0, 0, 0, 0, 0, 0, 0, 0
2.742646, 522, 0, 0, 0, 0, 0, 0, 0, 0, 0, 0
2.746328, 523, 0, 0, 0, 0, 0, 0, 0, 0, 0, 0
2.766916, 524, 0, 0, 0, 0, 0, 0, 0, 0, 0, 0
2.774641, 525, 0, 0, 0, 0, 0, 0, 0, 0, 0, 0
2.779591, 526, 0, 0, 0, 0, 0, 0, 0, 0, 0, 0
2.802594, 527, 0, 0, 0, 0, 0, 0, 0, 0, 0, 0
2.807786, 528, 0, 0, 0, 0, 0, 0, 0, 0, 0, 0
2.811525, 529, 0, 0, 0, 0, 0, 0, 0, 0, 0, 0
2.816431, 530, 0, 0, 0, 0, 0, 0, 0, 0, 0, 0
2.821449, 531, 0, 0, 0, 0, 0, 0, 0, 0, 0, 0
2.826661, 532, 0, 0, 0, 0, 0, 0, 0, 0, 0, 0
2.852262, 533, 0, 0, 0, 0, 0, 0, 0, 0, 0, 0
2.858113, 534, 0, 0, 0, 0, 0, 0, 0, 0, 0, 0
2.862667, 535, 0, 0, 0, 0, 0, 0, 0, 0, 0, 0
2.867123, 536, 0, 0, 0, 0, 0, 0, 0, 0, 0, 0
2.872634, 537, 0, 0, 0, 0, 0, 0, 0, 0, 0, 0
2.877003, 538, 0, 0, 0, 0, 0, 0, 0, 0, 0, 0
2.881836, 539, 0, 0, 0, 0, 0, 0, 0, 0, 0, 0
2.886365, 540, 0, 0, 0, 0, 0, 0, 0, 0, 0, 0
2.890245, 541, 0, 0, 0, 0, 0, 0, 0, 0, 0, 0
2.895539, 542, 0, 0, 0, 0, 0, 0, 0, 0, 0, 0
2.899215, 543, 0, 0, 0, 0, 0, 0, 0, 0, 0, 0
2.902816, 544, 0, 0, 0, 0, 0, 0, 0, 0, 0, 0
2.925634, 545, 0, 0, 0, 0, 0, 0, 0, 0, 0, 0
2.930608, 546, 0, 0, 0, 0, 0, 0, 0, 0, 0, 0
2.934667, 547, 0, 0, 0, 0, 0, 0, 0, 0, 0, 0
2.938735, 548, 0, 0, 0, 0, 0, 0, 0, 0, 0, 0
2.960163, 549, 0, 0, 0, 0, 0, 0, 0, 0, 0, 0
2.965238, 550, 0, 0, 0, 0, 0, 0, 0, 0, 0, 0
2.969023, 551, 0, 0, 0, 0, 0, 0, 0, 0, 0, 0
2.973125, 552, 0, 0, 0, 0, 0, 0, 0, 0, 0, 0
2.977695, 553, 0, 0, 0, 0, 0, 0, 0, 0, 0, 0
2.98125, 554, 0, 0, 0, 0, 0, 0, 0, 0, 0, 0
2.985732, 555, 0, 0, 0, 0, 0, 0, 0, 0, 0, 0
3.006933, 556, 0, 0, 0, 0, 0, 0, 0, 0, 0, 0
3.011801, 557, 0, 0, 0, 0, 0, 0, 0, 0, 0, 0
3.015994, 558, 0, 0, 0, 0, 0, 0, 0, 0, 0, 0
3.020298, 559, 0, 0, 0, 0, 0, 0, 0, 0, 0, 0
3.025697, 560, 0, 0, 0, 0, 0, 0, 0, 0, 0, 0
3.030229, 561, 0, 0, 0, 0, 0, 0, 0, 0, 0, 0
3.035453, 562, 0, 0, 0, 0, 0, 0, 0, 0, 0, 0
3.040054, 563, 0, 0, 0, 0, 0, 0, 0, 0, 0, 0
3.044215, 564, 0, 0, 0, 0, 0, 0, 0, 0, 0, 0
3.048801, 565, 0, 0, 0, 0, 0, 0, 0, 0, 0, 0
3.053723, 566, 0, 0, 0, 0, 0, 0, 0, 0, 0, 0
3.057969, 567, 0, 0, 0, 0, 0, 0, 0, 0, 0, 0
3.062953, 568, 0, 0, 0, 0, 0, 0, 0, 0, 0, 0
3.087672, 569, 0, 0, 0, 0, 0, 0, 0, 0, 0, 0
3.093588, 570, 0, 0, 0, 0, 0, 0, 0, 0, 0, 0
3.097734, 571, 0, 0, 0, 0, 0, 0, 0, 0, 0, 0
3.102757, 572, 0, 0, 0, 0, 0, 0, 0, 0, 0, 0
3.10786, 573, 0, 0, 0, 0, 0, 0, 0, 0, 0, 0
3.112063, 574, 0, 0, 0, 0, 0, 0, 0, 0, 0, 0
3.116469, 575, 0, 0, 0, 0, 0, 0, 0, 0, 0, 0
3.120869, 576, 0, 0, 0, 0, 0, 0, 0, 0, 0, 0
3.125207, 577, 0, 0, 0, 0, 0, 0, 0, 0, 0, 0
3.128801, 578, 0, 0, 0, 0, 0, 0, 0, 0, 0, 0
3.13341, 579, 0, 0, 0, 0, 0, 0, 0, 0, 0, 0
3.138186, 580, 0, 0, 0, 0, 0, 0, 0, 0, 0, 0
3.142507, 581, 0, 0, 0, 0, 0, 0, 0, 0, 0, 0
3.146638, 582, 0, 0, 0, 0, 0, 0, 0, 0, 0, 0
3.169963, 583, 0, 0, 0, 0, 0, 0, 0, 0, 0, 0
3.175104, 584, 0, 0, 0, 0, 0, 0, 0, 0, 0, 0
3.180536, 585, 0, 0, 0, 0, 0, 0, 0, 0, 0, 0
3.185462, 586, 0, 0, 0, 0, 0, 0, 0, 0, 0, 0
3.18932, 587, 0, 0, 0, 0, 0, 0, 0, 0, 0, 0
3.192943, 588, 0, 0, 0, 0, 0, 0, 0, 0, 0, 0
3.197063, 589, 0, 0, 0, 0, 0, 0, 0, 0, 0, 0
3.201392, 590, 0, 0, 0, 0, 0, 0, 0, 0, 0, 0
3.207161, 591, 0, 0, 0, 0, 0, 0, 0, 0, 0, 0
3.211806, 592, 0, 0, 0, 0, 0, 0, 0, 0, 0, 0
3.215782, 593, 0, 0, 0, 0, 0, 0, 0, 0, 0, 0
3.219356, 594, 0, 0, 0, 0, 0, 0, 0, 0, 0, 0
3.24315, 595, 0, 0, 0, 0, 0, 0, 0, 0, 0, 0
3.24927, 596, 0, 0, 0, 0, 0, 0, 0, 0, 0, 0
3.253869, 597, 0, 0, 0, 0, 0, 0, 0, 0, 0, 0
3.258905, 598, 0, 0, 0, 0, 0, 0, 0, 0, 0, 0
3.263247, 599, 0, 0, 0, 0, 0, 0, 0, 0, 0, 0
3.267902, 600, 0, 0, 0, 0, 0, 0, 0, 0, 0, 0
3.293528, 601, 0, 0, 0, 0, 0, 0, 0, 0, 0, 0
3.30412, 602, 0, 0, 0, 0, 0, 0, 0, 0, 0, 0
3.314217, 603, 0, 0, 0, 0, 0, 0, 0, 0, 0, 0
3.342007, 604, 0, 0, 0, 0, 0, 0, 0, 0, 0, 0
3.363146, 605, 0, 0, 0, 0, 0, 0, 0, 0, 0, 0
3.388232, 606, 0, 0, 0, 0, 0, 0, 0, 0, 0, 0
3.393802, 607, 0, 0, 0, 0, 0, 0, 0, 0, 0, 0
3.398312, 608, 0, 0, 0, 0, 0, 0, 0, 0, 0, 0
3.403612, 609, 0, 0, 0, 0, 0, 0, 0, 0, 0, 0
3.408174, 610, 0, 0, 0, 0, 0, 0, 0, 0, 0, 0
3.41238, 611, 0, 0, 0, 0, 0, 0, 0, 0, 0, 0
3.440128, 612, 0, 0, 0, 0, 0, 0, 0, 0, 0, 0
3.444863, 613, 0, 0, 0, 0, 0, 0, 0, 0, 0, 0
3.449625, 614, 0, 0, 0, 0, 0, 0, 0, 0, 0, 0
3.453732, 615, 0, 0, 0, 0, 0, 0, 0, 0, 0, 0
3.474671, 616, 0, 0, 0, 0, 0, 0, 0, 0, 0, 0
3.480513, 617, 0, 0, 0, 0, 0, 0, 0, 0, 0, 0
3.484894, 618, 0, 0, 0, 0, 0, 0, 0, 0, 0, 0
3.506972, 619, 0, 0, 0, 0, 0, 0, 0, 0, 0, 0
3.511919, 620, 0, 0, 0, 0, 0, 0, 0, 0, 0, 0
3.517281, 621, 0, 0, 0, 0, 0, 0, 0, 0, 0, 0
3.522216, 622, 0, 0, 0, 0, 0, 0, 0, 0, 0, 0
3.525904, 623, 0, 0, 0, 0, 0, 0, 0, 0, 0, 0
3.529954, 624, 0, 0, 0, 0, 0, 0, 0, 0, 0, 0
3.550192, 625, 0, 0, 0, 0, 0, 0, 0, 0, 0, 0
3.555233, 626, 0, 0, 0, 0, 0, 0, 0, 0, 0, 0
3.559908, 627, 0, 0, 0, 0, 0, 0, 0, 0, 0, 0
3.563546, 628, 0, 0, 0, 0, 0, 0, 0, 0, 0, 0
3.568115, 629, 0, 0, 0, 0, 0, 0, 0, 0, 0, 0
3.572595, 630, 0, 0, 0, 0, 0, 0, 0, 0, 0, 0
3.576607, 631, 0, 0, 0, 0, 0, 0, 0, 0, 0, 0
3.582013, 632, 0, 0, 0, 0, 0, 0, 0, 0, 0, 0
3.587169, 633, 0, 0, 0, 0, 0, 0, 0, 0, 0, 0
3.591366, 634, 0, 0, 0, 0, 0, 0, 0, 0, 0, 0
3.595097, 635, 0, 0, 0, 0, 0, 0, 0, 0, 0, 0
3.599793, 636, 0, 0, 0, 0, 0, 0, 0, 0, 0, 0
3.604745, 637, 0, 0, 0, 0, 0, 0, 0, 0, 0, 0
3.608906, 638, 0, 0, 0, 0, 0, 0, 0, 0, 0, 0
3.61381, 639, 0, 0, 0, 0, 0, 0, 0, 0, 0, 0
3.618167, 640, 0, 0, 0, 0, 0, 0, 0, 0, 0, 0
3.622184, 641, 0, 0, 0, 0, 0, 0, 0, 0, 0, 0
3.626268, 642, 0, 0, 0, 0, 0, 0, 0, 0, 0, 0
3.630511, 643, 0, 0, 0, 0, 0, 0, 0, 0, 0, 0
3.634313, 644, 0, 0, 0, 0, 0, 0, 0, 0, 0, 0
3.638764, 645, 0, 0, 0, 0, 0, 0, 0, 0, 0, 0
3.642838, 646, 0, 0, 0, 0, 0, 0, 0, 0, 0, 0
3.647632, 647, 0, 0, 0, 0, 0, 0, 0, 0, 0, 0
3.651799, 648, 0, 0, 0, 0, 0, 0, 0, 0, 0, 0
3.656525, 649, 0, 0, 0, 0, 0, 0, 0, 0, 0, 0
3.660614, 650, 0, 0, 0, 0, 0, 0, 0, 0, 0, 0
3.666276, 651, 0, 0, 0, 0, 0, 0, 0, 0, 0, 0
3.671352, 652, 0, 0, 0, 0, 0, 0, 0, 0, 0, 0
3.675773, 653, 0, 0, 0, 0, 0, 0, 0, 0, 0, 0
3.679928, 654, 0, 0, 0, 0, 0, 0, 0, 0, 0, 0
3.684758, 655, 0, 0, 0, 0, 0, 0, 0, 0, 0, 0
3.689843, 656, 0, 0, 0, 0, 0, 0, 0, 0, 0, 0
3.69395, 657, 0, 0, 0, 0, 0, 0, 0, 0, 0, 0
3.716004, 658, 0, 0, 0, 0, 0, 0, 0, 0, 0, 0
3.721873, 659, 0, 0, 0, 0, 0, 0, 0, 0, 0, 0
3.725994, 660, 0, 0, 0, 0, 0, 0, 0, 0, 0, 0
3.729985, 661, 0, 0, 0, 0, 0, 0, 0, 0, 0, 0
3.735077, 662, 0, 0, 0, 0, 0, 0, 0, 0, 0, 0
3.740016, 663, 0, 0, 0, 0, 0, 0, 0, 0, 0, 0
3.744926, 664, 0, 0, 0, 0, 0, 0, 0, 0, 0, 0
3.748708, 665, 0, 0, 0, 0, 0, 0, 0, 0, 0, 0
3.752428, 666, 0, 0, 0, 0, 0, 0, 0, 0, 0, 0
3.756602, 667, 0, 0, 0, 0, 0, 0, 0, 0, 0, 0
3.761241, 668, 0, 0, 0, 0, 0, 0, 0, 0, 0, 0
3.765153, 669, 0, 0, 0, 0, 0, 0, 0, 0, 0, 0
3.770415, 670, 0, 0, 0, 0, 0, 0, 0, 0, 0, 0
3.774537, 671, 0, 0, 0, 0, 0, 0, 0, 0, 0, 0
3.778821, 672, 0, 0, 0, 0, 0, 0, 0, 0, 0, 0
3.783392, 673, 0, 0, 0, 0, 0, 0, 0, 0, 0, 0
3.788311, 674, 0, 0, 0, 0, 0, 0, 0, 0, 0, 0
3.792653, 675, 0, 0, 0, 0, 0, 0, 0, 0, 0, 0
3.7973, 676, 0, 0, 0, 0, 0, 0, 0, 0, 0, 0
3.801925, 677, 0, 0, 0, 0, 0, 0, 0, 0, 0, 0
3.805964, 678, 0, 0, 0, 0, 0, 0, 0, 0, 0, 0
3.828087, 679, 0, 0, 0, 0, 0, 0, 0, 0, 0, 0
3.83292, 680, 0, 0, 0, 0, 0, 0, 0, 0, 0, 0
3.837778, 681, 0, 0, 0, 0, 0, 0, 0, 0, 0, 0
3.841766, 682, 0, 0, 0, 0, 0, 0, 0, 0, 0, 0
3.845888, 683, 0, 0, 0, 0, 0, 0, 0, 0, 0, 0
3.850003, 684, 0, 0, 0, 0, 0, 0, 0, 0, 0, 0
3.854042, 685, 0, 0, 0, 0, 0, 0, 0, 0, 0, 0
3.858192, 686, 0, 0, 0, 0, 0, 0, 0, 0, 0, 0
3.863078, 687, 0, 0, 0, 0, 0, 0, 0, 0, 0, 0
3.867124, 688, 0, 0, 0, 0, 0, 0, 0, 0, 0, 0
3.872498, 689, 0, 0, 0, 0, 0, 0, 0, 0, 0, 0
3.877065, 690, 0, 0, 0, 0, 0, 0, 0, 0, 0, 0
3.88174, 691, 0, 0, 0, 0, 0, 0, 0, 0, 0, 0
3.887641, 692, 0, 0, 0, 0, 0, 0, 0, 0, 0, 0
3.892124, 693, 0, 0, 0, 0, 0, 0, 0, 0, 0, 0
3.896727, 694, 0, 0, 0, 0, 0, 0, 0, 0, 0, 0
3.900664, 695, 0, 0, 0, 0, 0, 0, 0, 0, 0, 0
3.904755, 696, 0, 0, 0, 0, 0, 0, 0, 0, 0, 0
3.909981, 697, 0, 0, 0, 0, 0, 0, 0, 0, 0, 0
3.915348, 698, 0, 0, 0, 0, 0, 0, 0, 0, 0, 0
3.919805, 699, 0, 0, 0, 0, 0, 0, 0, 0, 0, 0
3.923511, 700, 0, 0, 0, 0, 0, 0, 0, 0, 0, 0
3.927601, 701, 0, 0, 0, 0, 0, 0, 0, 0, 0, 0
3.948256, 702, 0, 0, 0, 0, 0, 0, 0, 0, 0, 0
3.953286, 703, 0, 0, 0, 0, 0, 0, 0, 0, 0, 0
3.957924, 704, 0, 0, 0, 0, 0, 0, 0, 0, 0, 0
3.961952, 705, 0, 0, 0, 0, 0, 0, 0, 0, 0, 0
3.966071, 706, 0, 0, 0, 0, 0, 0, 0, 0, 0, 0
3.969715, 707, 0, 0, 0, 0, 0, 0, 0, 0, 0, 0
3.973876, 708, 0, 0, 0, 0, 0, 0, 0, 0, 0, 0
3.9973, 709, 0, 0, 0, 0, 0, 0, 0, 0, 0, 0
4.003139, 710, 0, 0, 0, 0, 0, 0, 0, 0, 0, 0
4.008282, 711, 0, 0, 0, 0, 0, 0, 0, 0, 0, 0
4.013486, 712, 0, 0, 0, 0, 0, 0, 0, 0, 0, 0
4.017662, 713, 0, 0, 0, 0, 0, 0, 0, 0, 0, 0
4.032959, 714, 0, 0, 0, 0, 0, 0, 0, 0, 0, 0
4.038002, 715, 0, 0, 0, 0, 0, 0, 0, 0, 0, 0
4.04218, 716, 0, 0, 0, 0, 0, 0, 0, 0, 0, 0
4.046989, 717, 0, 0, 0, 0, 0, 0, 0, 0, 0, 0
4.074205, 718, 0, 0, 0, 0, 0, 0, 0, 0, 0, 0
4.079427, 719, 0, 0, 0, 0, 0, 0, 0, 0, 0, 0
4.0834, 720, 0, 0, 0, 0, 0, 0, 0, 0, 0, 0
4.087507, 721, 0, 0, 0, 0, 0, 0, 0, 0, 0, 0
4.111053, 722, 0, 0, 0, 0, 0, 0, 0, 0, 0, 0
4.115599, 723, 0, 0, 0, 0, 0, 0, 0, 0, 0, 0
4.120531, 724, 0, 0, 0, 0, 0, 0, 0, 0, 0, 0
4.124304, 725, 0, 0, 0, 0, 0, 0, 0, 0, 0, 0
4.128253, 726, 0, 0, 0, 0, 0, 0, 0, 0, 0, 0
4.132289, 727, 0, 0, 0, 0, 0, 0, 0, 0, 0, 0
4.136303, 728, 0, 0, 0, 0, 0, 0, 0, 0, 0, 0
4.140725, 729, 0, 0, 0, 0, 0, 0, 0, 0, 0, 0
4.146795, 730, 0, 0, 0, 0, 0, 0, 0, 0, 0, 0
4.151393, 731, 0, 0, 0, 0, 0, 0, 0, 0, 0, 0
4.155146, 732, 0, 0, 0, 0, 0, 0, 0, 0, 0, 0
4.159646, 733, 0, 0, 0, 0, 0, 0, 0, 0, 0, 0
4.16426, 734, 0, 0, 0, 0, 0, 0, 0, 0, 0, 0
4.168891, 735, 0, 0, 0, 0, 0, 0, 0, 0, 0, 0
4.172581, 736, 0, 0, 0, 0, 0, 0, 0, 0, 0, 0
4.177561, 737, 0, 0, 0, 0, 0, 0, 0, 0, 0, 0
4.181657, 738, 0, 0, 0, 0, 0, 0, 0, 0, 0, 0
4.18548, 739, 0, 0, 0, 0, 0, 0, 0, 0, 0, 0
4.189527, 740, 0, 0, 0, 0, 0, 0, 0, 0, 0, 0
4.194619, 741, 0, 0, 0, 0, 0, 0, 0, 0, 0, 0
4.198727, 742, 0, 0, 0, 0, 0, 0, 0, 0, 0, 0
4.202904, 743, 0, 0, 0, 0, 0, 0, 0, 0, 0, 0
4.206912, 744, 0, 0, 0, 0, 0, 0, 0, 0, 0, 0
4.210644, 745, 0, 0, 0, 0, 0, 0, 0, 0, 0, 0
4.215193, 746, 0, 0, 0, 0, 0, 0, 0, 0, 0, 0
4.22014, 747, 0, 0, 0, 0, 0, 0, 0, 0, 0, 0
4.224213, 748, 0, 0, 0, 0, 0, 0, 0, 0, 0, 0
4.228916, 749, 0, 0, 0, 0, 0, 0, 0, 0, 0, 0
4.233021, 750, 0, 0, 0, 0, 0, 0, 0, 0, 0, 0
4.237179, 751, 0, 0, 0, 0, 0, 0, 0, 0, 0, 0
4.243028, 752, 0, 0, 0, 0, 0, 0, 0, 0, 0, 0
4.248328, 753, 0, 0, 0, 0, 0, 0, 0, 0, 0, 0
4.273553, 754, 0, 0, 0, 0, 0, 0, 0, 0, 0, 0
4.27847, 755, 0, 0, 0, 0, 0, 0, 0, 0, 0, 0
4.282319, 756, 0, 0, 0, 0, 0, 0, 0, 0, 0, 0
4.285926, 757, 0, 0, 0, 0, 0, 0, 0, 0, 0, 0
4.307123, 758, 0, 0, 0, 0, 0, 0, 0, 0, 0, 0
4.312183, 759, 0, 0, 0, 0, 0, 0, 0, 0, 0, 0
4.316603, 760, 0, 0, 0, 0, 0, 0, 0, 0, 0, 0
4.320772, 761, 0, 0, 0, 0, 0, 0, 0, 0, 0, 0
4.324916, 762, 0, 0, 0, 0, 0, 0, 0, 0, 0, 0
4.328905, 763, 0, 0, 0, 0, 0, 0, 0, 0, 0, 0
4.333484, 764, 0, 0, 0, 0, 0, 0, 0, 0, 0, 0
4.356844, 765, 0, 0, 0, 0, 0, 0, 0, 0, 0, 0
4.362164, 766, 0, 0, 0, 0, 0, 0, 0, 0, 0, 0
4.365976, 767, 0, 0, 0, 0, 0, 0, 0, 0, 0, 0
4.369522, 768, 0, 0, 0, 0, 0, 0, 0, 0, 0, 0
4.3908, 769, 0, 0, 0, 0, 0, 0, 0, 0, 0, 0
4.395704, 770, 0, 0, 0, 0, 0, 0, 0, 0, 0, 0
4.399426, 771, 0, 0, 0, 0, 0, 0, 0, 0, 0, 0
4.404336, 772, 0, 0, 0, 0, 0, 0, 0, 0, 0, 0
4.426601, 773, 0, 0, 0, 0, 0, 0, 0, 0, 0, 0
4.431826, 774, 0, 0, 0, 0, 0, 0, 0, 0, 0, 0
4.436512, 775, 0, 0, 0, 0, 0, 0, 0, 0, 0, 0
4.440695, 776, 0, 0, 0, 0, 0, 0, 0, 0, 0, 0
4.445291, 777, 0, 0, 0, 0, 0, 0, 0, 0, 0, 0
4.449838, 778, 0, 0, 0, 0, 0, 0, 0, 0, 0, 0
4.454948, 779, 0, 0, 0, 0, 0, 0, 0, 0, 0, 0
4.475982, 780, 0, 0, 0, 0, 0, 0, 0, 0, 0, 0
4.482059, 781, 0, 0, 0, 0, 0, 0, 0, 0, 0, 0
4.487376, 782, 0, 0, 0, 0, 0, 0, 0, 0, 0, 0
4.509295, 783, 0, 0, 0, 0, 0, 0, 0, 0, 0, 0
4.515172, 784, 0, 0, 0, 0, 0, 0, 0, 0, 0, 0
4.520842, 785, 0, 0, 0, 0, 0, 0, 0, 0, 0, 0
4.52597, 786, 0, 0, 0, 0, 0, 0, 0, 0, 0, 0
4.530687, 787, 0, 0, 0, 0, 0, 0, 0, 0, 0, 0
4.535451, 788, 0, 0, 0, 0, 0, 0, 0, 0, 0, 0
4.557642, 789, 0, 0, 0, 0, 0, 0, 0, 0, 0, 0
4.563878, 790, 0, 0, 0, 0, 0, 0, 0, 0, 0, 0
4.570037, 791, 0, 0, 0, 0, 0, 0, 0, 0, 0, 0
4.575433, 792, 0, 0, 0, 0, 0, 0, 0, 0, 0, 0
4.580311, 793, 0, 0, 0, 0, 0, 0, 0, 0, 0, 0
4.587372, 794, 0, 0, 0, 0, 0, 0, 0, 0, 0, 0
4.593506, 795, 0, 0, 0, 0, 0, 0, 0, 0, 0, 0
4.599023, 796, 0, 0, 0, 0, 0, 0, 0, 0, 0, 0
4.603812, 797, 0, 0, 0, 0, 0, 0, 0, 0, 0, 0
4.626344, 798, 0, 0, 0, 0, 0, 0, 0, 0, 0, 0
4.632452, 799, 0, 0, 0, 0, 0, 0, 0, 0, 0, 0
4.637475, 800, 0, 0, 0, 0, 0, 0, 0, 0, 0, 0
4.642384, 801, 0, 0, 0, 0, 0, 0, 0, 0, 0, 0
4.646569, 802, 0, 0, 0, 0, 0, 0, 0, 0, 0, 0
4.650748, 803, 0, 0, 0, 0, 0, 0, 0, 0, 0, 0
4.6551, 804, 0, 0, 0, 0, 0, 0, 0, 0, 0, 0
4.659855, 805, 0, 0, 0, 0, 0, 0, 0, 0, 0, 0
4.663669, 806, 0, 0, 0, 0, 0, 0, 0, 0, 0, 0
4.667812, 807, 0, 0, 0, 0, 0, 0, 0, 0, 0, 0
4.6722, 808, 0, 0, 0, 0, 0, 0, 0, 0, 0, 0
4.676527, 809, 0, 0, 0, 0, 0, 0, 0, 0, 0, 0
4.682211, 810, 0, 0, 0, 0, 0, 0, 0, 0, 0, 0
4.688195, 811, 0, 0, 0, 0, 0, 0, 0, 0, 0, 0
4.693546, 812, 0, 0, 0, 0, 0, 0, 0, 0, 0, 0
4.698684, 813, 0, 0, 0, 0, 0, 0, 0, 0, 0, 0
4.704093, 814, 0, 0, 0, 0, 0, 0, 0, 0, 0, 0
4.709596, 815, 0, 0, 0, 0, 0, 0, 0, 0, 0, 0
4.714553, 816, 0, 0, 0, 0, 0, 0, 0, 0, 0, 0
4.719136, 817, 0, 0, 0, 0, 0, 0, 0, 0, 0, 0
4.723009, 818, 0, 0, 0, 0, 0, 0, 0, 0, 0, 0
4.74464, 819, 0, 0, 0, 0, 0, 0, 0, 0, 0, 0
4.766389, 820, 0, 0, 0, 0, 0, 0, 0, 0, 0, 0
4.772906, 821, 0, 0, 0, 0, 0, 0, 0, 0, 0, 0
4.778729, 822, 0, 0, 0, 0, 0, 0, 0, 0, 0, 0
4.783469, 823, 0, 0, 0, 0, 0, 0, 0, 0, 0, 0
4.788599, 824, 0, 0, 0, 0, 0, 0, 0, 0, 0, 0
4.793778, 825, 0, 0, 0, 0, 0, 0, 0, 0, 0, 0
4.798914, 826, 0, 0, 0, 0, 0, 0, 0, 0, 0, 0
4.804221, 827, 0, 0, 0, 0, 0, 0, 0, 0, 0, 0
4.808473, 828, 0, 0, 0, 0, 0, 0, 0, 0, 0, 0
4.813189, 829, 0, 0, 0, 0, 0, 0, 0, 0, 0, 0
4.817348, 830, 0, 0, 0, 0, 0, 0, 0, 0, 0, 0
4.822491, 831, 0, 0, 0, 0, 0, 0, 0, 0, 0, 0
4.827467, 832, 0, 0, 0, 0, 0, 0, 0, 0, 0, 0
4.832704, 833, 0, 0, 0, 0, 0, 0, 0, 0, 0, 0
4.837616, 834, 0, 0, 0, 0, 0, 0, 0, 0, 0, 0
4.848794, 835, 0, 0, 0, 0, 0, 0, 0, 0, 0, 0
4.860737, 836, 0, 0, 0, 0, 0, 0, 0, 0, 0, 0
4.889656, 837, 0, 0, 0, 0, 0, 0, 0, 0, 0, 0
4.919012, 838, 0, 0, 0, 0, 0, 0, 0, 0, 0, 0
4.941, 839, 0, 0, 0, 0, 0, 0, 0, 0, 0, 0
4.947081, 840, 0, 0, 0, 0, 0, 0, 0, 0, 0, 0
4.952582, 841, 0, 0, 0, 0, 0, 0, 0, 0, 0, 0
4.97941, 842, 0, 0, 0, 0, 0, 0, 0, 0, 0, 0
4.984879, 843, 0, 0, 0, 0, 0, 0, 0, 0, 0, 0
4.990138, 844, 0, 0, 0, 0, 0, 0, 0, 0, 0, 0
5.01317, 845, 0, 0, 0, 0, 0, 0, 0, 0, 0, 0
5.019046, 846, 0, 0, 0, 0, 0, 0, 0, 0, 0, 0
5.025383, 847, 0, 0, 0, 0, 0, 0, 0, 0, 0, 0
5.031106, 848, 0, 0, 0, 0, 0, 0, 0, 0, 0, 0
5.036056, 849, 0, 0, 0, 0, 0, 0, 0, 0, 0, 0
5.06341, 850, 0, 0, 0, 0, 0, 0, 0, 0, 0, 0
5.07116, 851, 0, 0, 0, 0, 0, 0, 0, 0, 0, 0
5.076024, 852, 0, 0, 0, 0, 0, 0, 0, 0, 0, 0
5.102315, 853, 0, 0, 0, 0, 0, 0, 0, 0, 0, 0
5.109601, 854, 0, 0, 0, 0, 0, 0, 0, 0, 0, 0
5.114512, 855, 0, 0, 0, 0, 0, 0, 0, 0, 0, 0
5.139265, 856, 0, 0, 0, 0, 0, 0, 0, 0, 0, 0
5.145601, 857, 0, 0, 0, 0, 0, 0, 0, 0, 0, 0
5.150653, 858, 0, 0, 0, 0, 0, 0, 0, 0, 0, 0
5.175489, 859, 0, 0, 0, 0, 0, 0, 0, 0, 0, 0
5.182375, 860, 0, 0, 0, 0, 0, 0, 0, 0, 0, 0
5.187697, 861, 0, 0, 0, 0, 0, 0, 0, 0, 0, 0
5.193234, 862, 0, 0, 0, 0, 0, 0, 0, 0, 0, 0
5.198906, 863, 0, 0, 0, 0, 0, 0, 0, 0, 0, 0
5.228282, 864, 0, 0, 0, 0, 0, 0, 0, 0, 0, 0
5.24964, 865, 0, 0, 0, 0, 0, 0, 0, 0, 0, 0
5.255013, 866, 0, 0, 0, 0, 0, 0, 0, 0, 0, 0
5.258887, 867, 0, 0, 0, 0, 0, 0, 0, 0, 0, 0
5.26438, 868, 0, 0, 0, 0, 0, 0, 0, 0, 0, 0
5.269458, 869, 0, 0, 0, 0, 0, 0, 0, 0, 0, 0
5.274275, 870, 0, 0, 0, 0, 0, 0, 0, 0, 0, 0
5.279828, 871, 0, 0, 0, 0, 0, 0, 0, 0, 0, 0
5.304371, 872, 0, 0, 0, 0, 0, 0, 0, 0, 0, 0
5.3114, 873, 0, 0, 0, 0, 0, 0, 0, 0, 0, 0
5.315645, 874, 0, 0, 0, 0, 0, 0, 0, 0, 0, 0
5.320511, 875, 0, 0, 0, 0, 0, 0, 0, 0, 0, 0
5.324728, 876, 0, 0, 0, 0, 0, 0, 0, 0, 0, 0
5.329058, 877, 0, 0, 0, 0, 0, 0, 0, 0, 0, 0
5.334138, 878, 0, 0, 0, 0, 0, 0, 0, 0, 0, 0
5.338138, 879, 0, 0, 0, 0, 0, 0, 0, 0, 0, 0
5.341905, 880, 0, 0, 0, 0, 0, 0, 0, 0, 0, 0
5.345949, 881, 0, 0, 0, 0, 0, 0, 0, 0, 0, 0
5.350482, 882, 0, 0, 0, 0, 0, 0, 0, 0, 0, 0
5.354285, 883, 0, 0, 0, 0, 0, 0, 0, 0, 0, 0
5.375759, 884, 0, 0, 0, 0, 0, 0, 0, 0, 0, 0
5.381398, 885, 0, 0, 0, 0, 0, 0, 0, 0, 0, 0
5.385278, 886, 0, 0, 0, 0, 0, 0, 0, 0, 0, 0
5.389252, 887, 0, 0, 0, 0, 0, 0, 0, 0, 0, 0
5.39389, 888, 0, 0, 0, 0, 0, 0, 0, 0, 0, 0
5.397524, 889, 0, 0, 0, 0, 0, 0, 0, 0, 0, 0
5.401682, 890, 0, 0, 0, 0, 0, 0, 0, 0, 0, 0
5.427801, 891, 0, 0, 0, 0, 0, 0, 0, 0, 0, 0
5.433951, 892, 0, 0, 0, 0, 0, 0, 0, 0, 0, 0
5.438325, 893, 0, 0, 0, 0, 0, 0, 0, 0, 0, 0
5.458931, 894, 0, 0, 0, 0, 0, 0, 0, 0, 0, 0
5.464469, 895, 0, 0, 0, 0, 0, 0, 0, 0, 0, 0
5.469068, 896, 0, 0, 0, 0, 0, 0, 0, 0, 0, 0
5.473596, 897, 0, 0, 0, 0, 0, 0, 0, 0, 0, 0
5.477162, 898, 0, 0, 0, 0, 0, 0, 0, 0, 0, 0
5.481168, 899, 0, 0, 0, 0, 0, 0, 0, 0, 0, 0
5.50915, 900, 0, 0, 0, 0, 0, 0, 0, 0, 0, 0
5.541255, 901, 0, 0, 0, 0, 0, 0, 0, 0, 0, 0
5.548308, 902, 0, 0, 0, 0, 0, 0, 0, 0, 0, 0
5.553563, 903, 0, 0, 0, 0, 0, 0, 0, 0, 0, 0
5.558976, 904, 0, 0, 0, 0, 0, 0, 0, 0, 0, 0
5.563054, 905, 0, 0, 0, 0, 0, 0, 0, 0, 0, 0
5.567878, 906, 0, 0, 0, 0, 0, 0, 0, 0, 0, 0
5.572481, 907, 0, 0, 0, 0, 0, 0, 0, 0, 0, 0
5.576477, 908, 0, 0, 0, 0, 0, 0, 0, 0, 0, 0
5.580656, 909, 0, 0, 0, 0, 0, 0, 0, 0, 0, 0
5.606846, 910, 0, 0, 0, 0, 0, 0, 0, 0, 0, 0
5.612536, 911, 0, 0, 0, 0, 0, 0, 0, 0, 0, 0
5.616437, 912, 0, 0, 0, 0, 0, 0, 0, 0, 0, 0
5.621346, 913, 0, 0, 0, 0, 0, 0, 0, 0, 0, 0
5.648395, 914, 0, 0, 0, 0, 0, 0, 0, 0, 0, 0
5.654968, 915, 0, 0, 0, 0, 0, 0, 0, 0, 0, 0
5.659481, 916, 0, 0, 0, 0, 0, 0, 0, 0, 0, 0
5.664405, 917, 0, 0, 0, 0, 0, 0, 0, 0, 0, 0
5.669104, 918, 0, 0, 0, 0, 0, 0, 0, 0, 0, 0
5.674077, 919, 0, 0, 0, 0, 0, 0, 0, 0, 0, 0
5.678566, 920, 0, 0, 0, 0, 0, 0, 0, 0, 0, 0
5.682544, 921, 0, 0, 0, 0, 0, 0, 0, 0, 0, 0
5.686118, 922, 0, 0, 0, 0, 0, 0, 0, 0, 0, 0
5.690654, 923, 0, 0, 0, 0, 0, 0, 0, 0, 0, 0
5.694542, 924, 0, 0, 0, 0, 0, 0, 0, 0, 0, 0
5.699556, 925, 0, 0, 0, 0, 0, 0, 0, 0, 0, 0
5.725572, 926, 0, 0, 0, 0, 0, 0, 0, 0, 0, 0
5.730975, 927, 0, 0, 0, 0, 0, 0, 0, 0, 0, 0
5.734735, 928, 0, 0, 0, 0, 0, 0, 0, 0, 0, 0
5.738673, 929, 0, 0, 0, 0, 0, 0, 0, 0, 0, 0
5.768848, 930, 0, 0, 0, 0, 0, 0, 0, 0, 0, 0
Matching Accuracy: 100%
